name,phone,type,area,stars,website
Alive,+919850838308,apartment,,,http://www.nimaniconstructions.com
Amruta Ladies hostel,08408862882,hostel,pune,,
Asraya PG,9028818464,hostel,,,
Bizz Tamanna Hotel,+91 020 6653 9888,hotel,,,https://tamannahotels.com/bizz-tamanna-hotel-hinjawadi-pune/
CherryBerry PG Services,+91 703 824 9914,hostel,,,
Cocoon Hotel,+91 20 6624 4444,hotel,Pune,,https://www.cocoonpune.com/
Conrad Pune,+91-20-67456745,hotel,Pune,5,https://www.hilton.com/en/hotels/pnqcici-conrad-pune/
Courtyard Marriott,+91-21-3566-6666,hotel,,,
Courtyard Marriott Hinjawadi,+91 20 4212 2005,hotel,Pune,,https://www.marriott.com/en-us/hotels/pnqph-courtyard-pune-hinjewadi/overview/
Deccan Pavilion,02066834567,hotel,,,http://www.deccanpavilion.com/
DoubleTree by Hilton Hotel Pune - Chinchwad,+91 20 67313333,hotel,Pune,,https://www.hilton.com/en/hotels/pnqchdi-doubletree-pune-chinchwad/
Eastin Easy Aishwarya Talegaon,+91 2114 667777,hotel,Pune,,https://www.eastinhotelsresidences.com/eastineasyaishwaryatalegaon/
Fairfield by Marriott Pune Kharadi,+91 20 6712 1515,hotel,,,
Four Points by Sheraton,91 20-67606699,hotel,Viman Nagar,,https://www.marriott.com/en-us/hotels/pnqfp-four-points-by-sheraton-hotel-and-serviced-apartments-pune/overview/
Ganga Bhagyoday,02041420000,apartment,,,
High Bliss,02024104020,apartment,,,http://ujwalhomes.com/
Hilton Garden Inn,+91 20 3500 4500,hotel,Pune,,https://www.hilton.com/en/hotels/pnqhpgi-hilton-garden-inn-pune-hinjawadi
Holiday Inn Express Pune Pimpri,20-66354444,hotel,Pune,,https://www.ihg.com/holidayinnexpress/hotels/us/en/pune-pimpri/pnqpp/hoteldetail
Hotel Kohinoor Residency,+91 81218 68181;+91 97669 98005,hotel,,,
Hotel Sheetal,+91 20 2553 5165;+91 20 2553 5627;+91 20 2553 5168;+91 20 2553 5149,hotel,Pune,,https://hotelsheetal.net
Hotel Shreyas,020-25532023;020 -25532785,hotel,Ganeshwadi,,https://www.hotelshreyas.in/
Hotel Yellow House,+91 76339 47633,hotel,,,
Hyatt Pune,+91 20 4141 1234,hotel,Pune,,https://www.hyatt.com/hyatt-hotels/en-US/pnqhy-hyatt-pune
JW Marriott,+912066833333,hotel,pune,,https://www.marriott.com/
Kohinoor PG,+919850111113,hostel,Pune,,
Lemon Tree Premier Pune,+91 020 67684343,hotel,,,https://www.lemontreehotels.com/lemon-tree-premier/pune/city-center-pune.aspx
MVPM Baner Boys Hostel,+91 98810 60565,hostel,,,https://www.mvpm.org/
Madhushalini Boys Hostel,+917775972681,hostel,,,
Marriott Suites Pune,+912067257777,hotel,Pune,,
Paradise Homestay - Lodging and Boarding in Pune,+919060604029,guest_house,Pune,,https://paradisehomestaypune.com/
Royal Chinese Centre,+91 99603 62619,hotel,,,
Royal Orchid Central,+91 20 4000 3000,hotel,Pune,,http://www.royalorchidhotels.com
SOFT Girls Hostel,020 6683 3700,hostel,Narhe,,
Sai Garuda PG,+91 78430 79876;+91 70382 28856,hostel,,,
"Saihyadri Girls Hostel, Sinhgad Institute of Technology and Scinece",9974982202,hostel,Pune,,saihyadrigirlshostel
Shree Venkatapadmavati PG Men and Women,+91 77759 52348;+91 99708 40722,hostel,,,
Shri Samarth Snacks Centre,+91 83907 80820,hotel,,,
Smita PG,+91 97672 22333; +91 95450 22111,hostel,,,
Sunshine Paradise PG,+91 88569 69771,hostel,,,
Swagat Luxury Lodging,+919860745456,hotel,,,
The Corinthians Club,+91 20 2695 2222,hotel,Pune,5,https://www.thecorinthianspune.com/
The Highstreet Legacy,+91 90901 68989;+91 90907 68989,hotel,,,
The Orchid,+91 91691 66789,hotel,,,https://www.orchidhotel.com/pune/
Travotale Hostel and CoWork,+91 20 6743 0104,hostel,,,
Venky PG,8007016425,hostel,,,
Vivanta,+91 20 6658 4040,hotel,,,https://www.vivantahotels.com/en-in/vivanta-pune-hinjawadi/
"Vivanta By Taj - Blue Diamond, Pune",+91 20 66025555,hotel,Koregaon Park,,https://www.vivantabytaj.com/Blue-Diamond-Pune/Overview.html
Westin,+91 20 6721 0000,hotel,Pune,,
lover spot hotal,8484048462,hotel,Pune,,https://loverrestrobar.com
vineta bhal,9623899592,hotel,Pune,,https://vinetaandharshcornar.com
yuvi and akaza,9623899592,hotel,Pune,,yuvikolarresto@gmail.com
57. Lorraine.,N/A,guest_house,Pune,,
AQUARIUS Resort & Lawns,N/A,hotel,Pune,,
Aarusha Homes,N/A,hostel,Pune,,
Aashirwad Complex,N/A,apartment,,,
Abdul Kalam Hostel (OBH),N/A,hostel,,,
Advait Biryani,N/A,hotel,,,
Alankapuri Boys Hostel,N/A,hostel,,,
Ambience,N/A,hotel,,,
Ambrai lodge,N/A,hotel,,,
Apapa Idali Dosa Center,N/A,hotel,,,
Apple Tree,N/A,hotel,,,
Ashish Plaza,N/A,hotel,,,
Ashiyana Lodge,N/A,hostel,,,
Ashley House,N/A,guest_house,,,
"Aura Celestia - Bar, Kitchen & Celebration",N/A,hotel,,,
Aurora Towers,N/A,hotel,,,
B.J. Medical College Girls Hostel,N/A,hostel,,,
BJS Boy's Hostel,N/A,hostel,Pune,,
BJS Girl's Hostel,N/A,hostel,Pune,,
Badri Rathod Boys Hostel,N/A,hostel,,,
Balaji PG,N/A,hostel,,,
Banyan Tree,N/A,hotel,nigdi,,
Bestow Inn,N/A,motel,,,
Bhakti Apartment,N/A,apartment,,,
Bhakti PG Apartment,N/A,hostel,Hinjewadi,,
Bhalchandra,N/A,apartment,,,
Bharat Vihar,N/A,apartment,,,
Birajdar PGs,N/A,hostel,,,
Boys Hostel,N/A,hostel,,,
Boys Hostel - NO 9,N/A,hostel,,,
Calendula,N/A,hostel,,,
Central Government Touring Officers Guest House,N/A,guest_house,,,
Central Park,N/A,hotel,,,
Chaitanya Girls Hostel,N/A,hostel,,,
Chandan Heights,N/A,apartment,,,
Chandrakant Residency A,N/A,apartment,,,
Chandrat,N/A,apartment,,,
City Point Restaurant and Bar,N/A,hotel,,,
Coronet Hotel,N/A,hotel,,,
Crowne Plaza,N/A,hotel,,,
D Building,N/A,apartment,,,
"DD Farms, Mulshi",N/A,guest_house,,,
DRDO Diat Guest House,N/A,guest_house,,,
Da Casa Business Hotel डा कासा बिज़नस होटल,N/A,hotel,,,http://dacasahotel.com/
Deccan Rendezvous,N/A,hotel,Pune,,
Dnyaneshwari Niwas,N/A,apartment,,,
Ekaant- The Retreat Hotel,N/A,hotel,"Dasve, Lavasa",,http://www.ekaant.com/
Eminent Hotel,N/A,hotel,Pune,,
Executive Tamanna,N/A,hotel,,,
Executive Training Centre and Hostel - Club House,N/A,hostel,,,https://cdsaindia.org/etch
FabExpress SRH,N/A,hotel,Pune,,https://www.fabhotels.com/?source=google&medium=ppc&campaignid=1751436608&adgroupid=67318237623&device=c&keyword=fabhotels
FabHotels FabExpress The Corporate Hub,N/A,hotel,,,https://www.fabhotels.com/hotels-in-pune/fabexpress-the-corporate-hub-giyeqqqp.html
FabHotels Imperio,N/A,hotel,,,
Flagship Sai,N/A,motel,,,
Fortune Select Dasve,N/A,hotel,"Dasve, Lavasa",,https://www.fortunehotels.in/resort/Lavasa-Fortune_Select_Dasve.aspx
Gandharva Hotel,N/A,hotel,,,
Garuda,N/A,hotel,,,
Gavkos,N/A,motel,,,
Ghode House Dhanori,N/A,guest_house,Pune,,
Ginger Hotel,N/A,hotel,,,
Ginger hotel,N/A,hotel,,,
Giriraj Farm Hill Resort,N/A,guest_house,,,
Girls Hostel,N/A,hostel,Talegaoion,,https://iiitp.ac.in
Girls' Hostel Pune University,N/A,hostel,Pune,,
Golden Fields,N/A,hotel,,,
GoodLuck,N/A,hotel,,,
Government VVIP Rest House,N/A,guest_house,,,
Govind Hari Vadevale,N/A,hotel,,,
Grand Regency PG,N/A,hostel,,,
Grand Tamanna Hotel,N/A,hotel,,,https://tamannahotels.com/hotels-hinjawadi-pune/
Guest House,N/A,guest_house,Pune,,
Gurudatta PG,N/A,hostel,,,
H.A. Hotel,N/A,hotel,pimpri,,
HARIYALADAMMA ENTERPRISES,N/A,hotel,,,
Harita Comfort Inn PG,N/A,hostel,,,
HelloWorld Embassy.,N/A,hostel,,,
Hill Top,N/A,hotel,,,
Hill View,N/A,hotel,,,
Hill View Girls Hostel,N/A,hostel,,,
Holiday Inn Express Pune Hinjawadi,N/A,hotel,,,https://www.ihg.com/holidayinnexpress/hotels/gb/en/maharashtra/mhzph/hoteldetail
Hoshtel99 - Prime - bunks and private rooms,N/A,hostel,,,
Hostel No. 6,N/A,hostel,Pune,,
Hotel Abhijeet New Sweet Home,N/A,hotel,,,
Hotel Agatya,N/A,hotel,,,
Hotel Amrale Misal,N/A,hotel,,,
Hotel Amrita Executive,N/A,hotel,,,
Hotel Arjun,N/A,hotel,,,
Hotel Arusai,N/A,hotel,Pune,,
Hotel Ashirwad,N/A,hotel,,,
Hotel Ashoka,N/A,hotel,,,
Hotel Bhooshan,N/A,hotel,,,
Hotel Centro,N/A,hotel,,,
Hotel Crown Imperial,N/A,hotel,,,
Hotel Executive Residency,N/A,hotel,,,
Hotel Garawa,N/A,hotel,,,
Hotel Green Park,N/A,hotel,,,
Hotel Gulmohr,N/A,hotel,,,
Hotel Haveli,N/A,hotel,,,
Hotel Janjira,N/A,hotel,,,
Hotel Jolly Restro Bar & Lodge,N/A,hotel,,,
Hotel Kala Sagar,N/A,hotel,,,
Hotel Kohinoor Jejuri,N/A,hotel,,,
Hotel Krishna,N/A,hotel,,,
Hotel Lotus,N/A,hotel,,,
Hotel Madhav,N/A,hotel,,,
Hotel Maharaja,N/A,hotel,,,
Hotel Martand Vijay Lodge,N/A,hotel,,,
Hotel Mukesh,N/A,motel,,,
Hotel Muktai Veg & Non Veg,N/A,hotel,Pune,,
Hotel Pioneer,N/A,hotel,,,
Hotel Radiant Lodge,N/A,hotel,Pune,,
Hotel Raj,N/A,hotel,,,
Hotel Royal Palace,N/A,hotel,,,
Hotel Samrat,N/A,hotel,,,
Hotel Samrat Lodge,N/A,hotel,,,
Hotel Sargam,N/A,hotel,,,
Hotel Sarthak Lodge,N/A,hotel,,,
Hotel Suruchi Satyam Lodge,N/A,hotel,,,
Hotel Tip Top International,N/A,hotel,,,
Hotel Turning Point,N/A,hotel,,,
Hotel Woodland,N/A,hotel,Pune,,
Hotel kunal garden,N/A,hotel,Pune,,
Hotel prathamjay,N/A,hotel,pune,,
Housemate Hotels and Restaurent,N/A,hotel,,,
Hyatt Palace,N/A,hotel,Pune,,
Hyatt Regency Pune,N/A,hotel,Pune,,
Hygiene hotel,N/A,hotel,PUNE,,
I Love Delight Chinese,N/A,hotel,,,
"I2IT,Hostel",N/A,hostel,,,
ICAR-NRC Grapes,N/A,guest_house,,,
IISER New Hall of Residence,N/A,hostel,,,
Ibis,N/A,hotel,,,
Ibis Hinjawadi,N/A,hotel,,,
Ibis Pune Viman Nagar,N/A,hotel,,,
Indrayani boys hostel,N/A,hostel,,,
International Boys Hostel,N/A,hostel,,,
International Girls Hostel,N/A,hostel,,,
JSPM's Girls' Hostel A,N/A,hostel,,,
JSPM's Girls' Hostel B,N/A,hostel,,,
JW Marriott Pune,N/A,hotel,,5,
Jagdamba Apartment,N/A,apartment,,,
Jayshree Executive,N/A,hotel,,,
Jijai Heights,N/A,apartment,,,
Jijai Palace,N/A,apartment,,,
Jugglers Backpack,N/A,motel,,,
Kapila Business Hotel,N/A,hotel,Pune,,https://www.kapila.com
Keys Hotel,N/A,hotel,,,
Kohinoor Executive,N/A,hotel,,,https://www.kohinoorhotels.com/Executive/info.htm
Konark Towers,N/A,apartment,,,
Krishna Hotel And Restaurant,N/A,hotel,,,
Kunal Hotel,N/A,hotel,,,
Kwality Biryani,N/A,hotel,,,
L 10,N/A,hostel,,,
Lake Vintage,N/A,apartment,,,
Lakevilla,N/A,guest_house,,,
Lashika's house,N/A,guest_house,pune,,
Lemon Tree Hotel,N/A,hotel,,,https://www.lemontreehotels.com/lemon-tree-hotel/pune/hinjawadi-pune.aspx
Lotus,N/A,hostel,,,
MAE girls hostel,N/A,hostel,,,
MIT Boys Hostel,N/A,hostel,,,
MIT Institite Of Design,N/A,hostel,,,
MTDC Resort,N/A,hotel,,,https://www.maharashtratourism.gov.in/mtdc/HTML/MaharashtraTourism/PlanYourTrip/resortshotels.aspx
Magnus Riverside,N/A,hotel,,,https://www.staymagnus.com/magnus-riverside-kalyani-nagar/
Mahi Dhaba,N/A,hotel,,,
Main Boys Hostel,N/A,hostel,Pune,,
Main Girls Hostel,N/A,hostel,Pune,,
Marwadi Sammelan Dharmashala,N/A,hostel,,,
Mastiff Hotel,N/A,hotel,,,https://www.orangetigerhotels.com/mastiff-hotels/mastiff-hotel-hinjawadi-pune/pune-hotels
Mauli Dhaba,N/A,hotel,,,
Mauli PG,N/A,hostel,,,
Maval Food Junction,N/A,hotel,,,
Maval Grrand,N/A,hotel,,,
Mecure Hotel,N/A,hotel,"Dasve, Lavasa",,
Meghbindu Boys' Hostel,N/A,hostel,,,
Meghmalhar,N/A,apartment,Pune,,
Mejwani pure veg,N/A,hotel,Pune,,
Mind Space Hotel,N/A,hotel,Pune,,
Mokhshitha Reddy Studio Rooms PG,N/A,hostel,,,
Moneta,N/A,hotel,Pune,,
Mukta Residency,N/A,apartment,,,
Nalanda,N/A,hostel,,,
Nana Shri Hotel,N/A,hotel,,,
Neela Executive,N/A,hotel,,,
New Boys Hostel,N/A,hostel,Pune,,
New Girls Hostel,N/A,hostel,Pune,,
New Ladies Hostel,N/A,hostel,Pune,,
New Shree 9 PG,N/A,hostel,Pune,,
Nishigandha,N/A,hotel,,,
Noorya Hometel,N/A,hotel,,,
Novotel,N/A,motel,,,
Novotel Pune Nagar Road,N/A,hotel,,,
O Hotel Pune,N/A,hotel,,,
OYO Flagship IT Park,N/A,hotel,,,
OYO Hotel G Residency near INOX,N/A,hotel,,,
OYO Townhouse,N/A,hotel,,,
OYO Vys Inn,N/A,hotel,,,
Om Sai Khanaval,N/A,hotel,,,
Om Shiv Sai PG,N/A,hostel,,,
Oyo Kamini,N/A,hotel,,,
P.G.HOSTEL,N/A,hostel,,,
PCCOE Hostel,N/A,hostel,,,
Panchratna,N/A,hotel,,,
Pankaj Society,N/A,apartment,,,
Park Central Hotel,N/A,motel,,,
Parmar Park,N/A,apartment,,,
Petals PG,N/A,hostel,,,
Petunia,N/A,hostel,,,
Premier Tamanna Hotel,N/A,hotel,,,
Pride,N/A,hotel,,,
Prince Regency,N/A,hotel,,,
Pune University Guest House,N/A,guest_house,Pune,,
Radison Blu Hotel,N/A,hotel,Kharadi,,https://www.radissonhotels.com/en-us/hotels/radisson-blu-kharadi-pune
Radisson Blu,N/A,hotel,,,
Rahane Arcade,N/A,apartment,,,
Rahul Biryani,N/A,hotel,,,
Raj Mahal,N/A,hotel,,,
"Rajgad Boys Hostel, Sinhgad Institute of Technology and Scinece",N/A,hostel,,,
Rajratna Executive,N/A,hotel,,,
Rajwada Hotel,N/A,hotel,,,
Ranadeep Lodge,N/A,motel,,,
Ravi Park,N/A,apartment,,,
Raviraj,N/A,hotel,,,
Regenta,N/A,hotel,,,
Ritz Hotel,N/A,hotel,,,
Royal Hotel,N/A,hotel,Pune,,
Royalty,N/A,hotel,Pune,,
Rupa Lodge,N/A,hotel,,,
SN Bose Hostel,N/A,hostel,,,
Sadanand,N/A,hotel,,,
Sadguru Wade Wale And Special Missile House,N/A,hotel,,,
Sagar Plaza,N/A,hotel,,,
Sai Residency,N/A,apartment,,,
Sai Vishwa Lodge,N/A,hotel,,,
Samadhan Mutton Khanawal,N/A,hotel,,,
Samrat Lodge and Restaurant,N/A,hotel,,,
Sanavi Lodge,N/A,hotel,,,
Sangam hotel,N/A,hotel,saswad,,
Sanghvi steel complex,N/A,hotel,Pune,,
Satyam Shrey,N/A,apartment,,,
Saumitra,N/A,apartment,,,
Savera,N/A,hotel,chakan,,
Savitri Working Women's Hostel,N/A,hostel,,,
Sayaji,N/A,hotel,,5,https://www.sayajihotels.com/sayaji-pune/overview
Seven Loves,N/A,hotel,Pune,,
Sheraton Grand,N/A,hotel,,,
Sheraton Grand Pune,N/A,hotel,,,
Shiv Shahi Complex,N/A,apartment,,,
Shivneri Food Mall,N/A,hotel,,,
Shree Inn,N/A,hotel,,,
Shree Swami Landmark,N/A,apartment,,,
Shree Vitthal Dhaba,N/A,hotel,,,
Shreemangal Palace,N/A,apartment,,,
Shrikunjshri,N/A,apartment,,,
Shubham Misal,N/A,hotel,Ravet,,
Siddeshwar hotel,N/A,hotel,,,
Sirona,N/A,hotel,,,
Siya Girls' Hostel,N/A,hostel,Pune,,
Smart Inn,N/A,hotel,,,http://www.smartinn.co.in/
Sonai veg,N/A,hotel,,,
Sriman,N/A,hotel,,,
St. Laurn Business Hotel,N/A,hotel,Pune,,
Stanza Living Tallinn House,N/A,hostel,,,
Stonarc,N/A,hotel,,,
Sukalyan,N/A,apartment,,,
Sun N Sand,N/A,hotel,,,
Surya Villa Hotel,N/A,motel,,,
Symbiosis,N/A,hostel,,,
Symbiosis Cherry Blossom Hostel,N/A,hostel,,,
Symbiosis Girls Hostel,N/A,hostel,kiwale,,
Symbiosis Viswabhavan Girls Hostel,N/A,hostel,,,
Takshashila,N/A,apartment,,,
Thakur PG,N/A,hostel,,,
The Dasvino Town and Country Club,N/A,hotel,"Dasve, Lavasa",,
The Deccan Royale Hotel,N/A,hotel,Pune,,
The Golden Arc Boutique Hotel,N/A,hotel,,,
The Gordon House,N/A,hotel,,,
The Monarch Chakan,N/A,hotel,,,
The O Hotel,N/A,hotel,,,
The Oakwood Hotel,N/A,hotel,,3,
The Pride Hotel,N/A,hotel,Pune,,https://www.pridehotel.com/pune-hotels/
Treebo Hotels Guest House,N/A,hotel,,,
Treebo Ranjana's,N/A,hotel,,,
Treebo Sumati Baner,N/A,hotel,,,
Treebo Trend Niraali Executive,N/A,hotel,,,
Vaibhav Hotel,N/A,hotel,,,
Vantagio,N/A,hotel,,,
Venkatesh Heritage,N/A,apartment,,,
Vib O Stay,N/A,hostel,,,
Vijaya Smruti,N/A,apartment,,,
Visvesvaraya Hostel (OBH),N/A,hostel,,,
Vithu Mauli Dhaba,N/A,hotel,,,
Vitthal Complex,N/A,apartment,,,
Viva Inn,N/A,hotel,,,
Vrindavan Misal,N/A,hotel,,,
Vrundavan Vihar,N/A,apartment,,,
WESTIN,N/A,hotel,,,
Wadia College boys hostel,N/A,hostel,,,
Wellesley Hotel,N/A,hotel,,,http://www.wellesleyhotel.in/
Wonder Futura,N/A,apartment,,,
YKS Sizzlers,N/A,hotel,,,
Yash Villa,N/A,guest_house,,,
Youthville Co-Living PG (Balewadi 1),N/A,hostel,Pune,,
Zolo Ample,N/A,hostel,,,
Zolo Encore Co-Living PG,N/A,hostel,,,
Zolo Highrollers,N/A,hostel,,,
Zolo House of Black Beard,N/A,hostel,,,
Zolo Riverrun,N/A,hostel,,,
Zolo Sparkle,N/A,hostel,,,
annapurna hotel,N/A,hotel,,,
dosa king,N/A,hotel,,,
hotel durga lunch home,N/A,hotel,,,
hotel5,N/A,hotel,,,
isquareit girls hostel (Mithila hostel),N/A,hostel,,,https://www.isquareit.edu.in/hostel-accommodation/
nisarga dhaba,N/A,hotel,,,
points hostel Diat pune,N/A,hostel,,,https://www.diat.ac.in/
royal,N/A,hotel,,,
shitai hotel,N/A,hotel,,,
swa rashtra,N/A,hotel,,,
राजस्थानी होटल रंजनगांव,N/A,hotel,,,
